{
  "err":0,
  "data":[
    {
      "title":"王思聪 ChuaN",
      "link":"https://www.baidu.com/s?cl=3&tn=baidutop10&fr=top1000&wd=%E7%8E%8B%E6%80%9D%E8%81%AA+ChuaN&rsv_idx=2&rsv_dl=fyb_n_homepage"
    },
    {
      "title":"赛琳娜退社交网络",
      "link":"https://www.baidu.com/s?cl=3&tn=baidutop10&fr=top1000&wd=%E8%B5%9B%E7%90%B3%E5%A8%9C%E9%80%80%E7%A4%BE%E4%BA%A4%E7%BD%91%E7%BB%9C&rsv_idx=2&rsv_dl=fyb_n_homepage"
    },
    {
      "title":"林青霞被曝离婚",
      "link":"https://www.baidu.com/s?cl=3&tn=baidutop10&fr=top1000&wd=%E6%9E%97%E9%9D%92%E9%9C%9E%E8%A2%AB%E6%9B%9D%E7%A6%BB%E5%A9%9A&rsv_idx=2&rsv_dl=fyb_n_homepage"
    },
    {
      "title":"吴秀波原配",
      "link":"https://www.baidu.com/s?cl=3&tn=baidutop10&fr=top1000&wd=%E5%90%B4%E7%A7%80%E6%B3%A2%E5%8E%9F%E9%85%8D&rsv_idx=2&rsv_dl=fyb_n_homepage"
    },
    {
      "title":"浙江女首富陷危机",
      "link":"https://www.baidu.com/s?cl=3&tn=baidutop10&fr=top1000&wd=%E6%B5%99%E6%B1%9F%E5%A5%B3%E9%A6%96%E5%AF%8C%E9%99%B7%E5%8D%B1%E6%9C%BA&rsv_idx=2&rsv_dl=fyb_n_homepage"
    },
    {
      "title":"德国西门子裁员",
      "link":"https://www.baidu.com/s?cl=3&tn=baidutop10&fr=top1000&wd=%E5%BE%B7%E5%9B%BD%E8%A5%BF%E9%97%A8%E5%AD%90%E8%A3%81%E5%91%98&rsv_idx=2&rsv_dl=fyb_n_homepage"
    },
    {
      "title":"章泽天朋友圈",
      "link":"https://www.baidu.com/s?cl=3&tn=baidutop10&fr=top1000&wd=%E7%AB%A0%E6%B3%BD%E5%A4%A9%E6%9C%8B%E5%8F%8B%E5%9C%88&rsv_idx=2&rsv_dl=fyb_n_homepage"
    },
    {
      "title":"段奥娟秒删",
      "link":"https://www.baidu.com/s?cl=3&tn=baidutop10&fr=top1000&wd=%E6%AE%B5%E5%A5%A5%E5%A8%9F%E7%A7%92%E5%88%A0&rsv_idx=2&rsv_dl=fyb_n_homepage"
    },
    {
      "title":"圆通速递宣布涨价",
      "link":"https://www.baidu.com/s?cl=3&tn=baidutop10&fr=top1000&wd=%E5%9C%86%E9%80%9A%E9%80%9F%E9%80%92%E5%AE%A3%E5%B8%83%E6%B6%A8%E4%BB%B7&rsv_idx=2&rsv_dl=fyb_n_homepage"
    },
    {
      "title":"黎曼猜想证明现场",
      "link":"https://www.baidu.com/s?cl=3&tn=baidutop10&fr=top1000&wd=%E9%BB%8E%E6%9B%BC%E7%8C%9C%E6%83%B3%E8%AF%81%E6%98%8E%E7%8E%B0%E5%9C%BA&rsv_idx=2&rsv_dl=fyb_n_homepage"
    },
    {
      "title":"肖金锋 意外身亡",
      "link":"https://www.baidu.com/s?cl=3&tn=baidutop10&fr=top1000&wd=%E8%82%96%E9%87%91%E9%94%8B+%E6%84%8F%E5%A4%96%E8%BA%AB%E4%BA%A1&rsv_idx=2&rsv_dl=fyb_n_homepage"
    },
    {
      "title":"ez重做",
      "link":"https://www.baidu.com/s?cl=3&tn=baidutop10&fr=top1000&wd=ez%E9%87%8D%E5%81%9A&rsv_idx=2&rsv_dl=fyb_n_homepage"
    },
    {
      "title":"瑞典首相面临下台",
      "link":"https://www.baidu.com/s?cl=3&tn=baidutop10&fr=top1000&wd=%E7%91%9E%E5%85%B8%E9%A6%96%E7%9B%B8%E9%9D%A2%E4%B8%B4%E4%B8%8B%E5%8F%B0&rsv_idx=2&rsv_dl=fyb_n_homepage"
    },
    {
      "title":"多地新房降价促销",
      "link":"https://www.baidu.com/s?cl=3&tn=baidutop10&fr=top1000&wd=%E5%A4%9A%E5%9C%B0%E6%96%B0%E6%88%BF%E9%99%8D%E4%BB%B7%E4%BF%83%E9%94%80&rsv_idx=2&rsv_dl=fyb_n_homepage"
    }
  ]
}
