{
  "err":0,
  "data":[
    {
      "img":"https://img.alicdn.com/bao/uploaded/i2/159741398/TB2O6wyb8nTBKNjSZPfXXbf1XXa_!!159741398.jpg_400x400.jpg",
      "title":"啄木鸟海宁真皮皮衣头层牛皮空军服短款皮夹克连帽款男士机车修身",
      "price":"2380",
      "link":"https://item.taobao.com/item.htm?spm=a21bo.2017.201876.1.5af911d9ZC0nJq&scm=1007.12493.92624.100200300000005&id=559769143366&pvid=5f99a14c-98ba-4b6d-a669-60bef1546e66"
    },
    {
      "img":"https://img.alicdn.com/bao/uploaded/i2/159741398/TB2O6wyb8nTBKNjSZPfXXbf1XXa_!!159741398.jpg_400x400.jpg",
      "title":"★Yumikids韩国童装★ 18夏NEW~纱裙泡泡裙 软软的纱女童公主范儿",
      "price":"148",
      "link":"https://item.taobao.com/item.htm?spm=a21bo.2017.201876.3.5af911d9ZC0nJq&scm=1007.12493.92624.100200300000005&id=566816741021&pvid=5f99a14c-98ba-4b6d-a669-60bef1546e66"
    },
    {
      "img":"https://img.alicdn.com/bao/uploaded/i2/159741398/TB2O6wyb8nTBKNjSZPfXXbf1XXa_!!159741398.jpg_400x400.jpg",
      "title":"★Yumikids韩国童装★ 18夏NEW~纱裙泡泡裙 软软的纱女童公主范儿",
      "price":"148",
      "link":"https://item.taobao.com/item.htm?spm=a21bo.2017.201876.3.5af911d9ZC0nJq&scm=1007.12493.92624.100200300000005&id=566816741021&pvid=5f99a14c-98ba-4b6d-a669-60bef1546e66"
    },
    {
      "img":"https://img.alicdn.com/bao/uploaded/i2/159741398/TB2O6wyb8nTBKNjSZPfXXbf1XXa_!!159741398.jpg_400x400.jpg",
      "title":"★Yumikids韩国童装★ 18夏NEW~纱裙泡泡裙 软软的纱女童公主范儿",
      "price":"148",
      "link":"https://item.taobao.com/item.htm?spm=a21bo.2017.201876.3.5af911d9ZC0nJq&scm=1007.12493.92624.100200300000005&id=566816741021&pvid=5f99a14c-98ba-4b6d-a669-60bef1546e66"
    },
    {
      "img":"https://img.alicdn.com/bao/uploaded/i2/159741398/TB2O6wyb8nTBKNjSZPfXXbf1XXa_!!159741398.jpg_400x400.jpg",
      "title":"★Yumikids韩国童装★ 18夏NEW~纱裙泡泡裙 软软的纱女童公主范儿",
      "price":"148",
      "link":"https://item.taobao.com/item.htm?spm=a21bo.2017.201876.3.5af911d9ZC0nJq&scm=1007.12493.92624.100200300000005&id=566816741021&pvid=5f99a14c-98ba-4b6d-a669-60bef1546e66"
    },
    {
      "img":"https://img.alicdn.com/bao/uploaded/i2/159741398/TB2O6wyb8nTBKNjSZPfXXbf1XXa_!!159741398.jpg_400x400.jpg",
      "title":"★Yumikids韩国童装★ 18夏NEW~纱裙泡泡裙 软软的纱女童公主范儿",
      "price":"148",
      "link":"https://item.taobao.com/item.htm?spm=a21bo.2017.201876.3.5af911d9ZC0nJq&scm=1007.12493.92624.100200300000005&id=566816741021&pvid=5f99a14c-98ba-4b6d-a669-60bef1546e66"
    },
    {
      "img":"https://img.alicdn.com/bao/uploaded/i2/159741398/TB2O6wyb8nTBKNjSZPfXXbf1XXa_!!159741398.jpg_400x400.jpg",
      "title":"★Yumikids韩国童装★ 18夏NEW~纱裙泡泡裙 软软的纱女童公主范儿",
      "price":"148",
      "link":"https://item.taobao.com/item.htm?spm=a21bo.2017.201876.3.5af911d9ZC0nJq&scm=1007.12493.92624.100200300000005&id=566816741021&pvid=5f99a14c-98ba-4b6d-a669-60bef1546e66"
    },
    {
      "img":"https://img.alicdn.com/bao/uploaded/i2/159741398/TB2O6wyb8nTBKNjSZPfXXbf1XXa_!!159741398.jpg_400x400.jpg",
      "title":"★Yumikids韩国童装★ 18夏NEW~纱裙泡泡裙 软软的纱女童公主范儿",
      "price":"148",
      "link":"https://item.taobao.com/item.htm?spm=a21bo.2017.201876.3.5af911d9ZC0nJq&scm=1007.12493.92624.100200300000005&id=566816741021&pvid=5f99a14c-98ba-4b6d-a669-60bef1546e66"
    },
    {
      "img":"https://img.alicdn.com/bao/uploaded/i2/159741398/TB2O6wyb8nTBKNjSZPfXXbf1XXa_!!159741398.jpg_400x400.jpg",
      "title":"★Yumikids韩国童装★ 18夏NEW~纱裙泡泡裙 软软的纱女童公主范儿",
      "price":"148",
      "link":"https://item.taobao.com/item.htm?spm=a21bo.2017.201876.3.5af911d9ZC0nJq&scm=1007.12493.92624.100200300000005&id=566816741021&pvid=5f99a14c-98ba-4b6d-a669-60bef1546e66"
    },
    {
      "img":"https://img.alicdn.com/bao/uploaded/i2/159741398/TB2O6wyb8nTBKNjSZPfXXbf1XXa_!!159741398.jpg_400x400.jpg",
      "title":"★Yumikids韩国童装★ 18夏NEW~纱裙泡泡裙 软软的纱女童公主范儿",
      "price":"148",
      "link":"https://item.taobao.com/item.htm?spm=a21bo.2017.201876.3.5af911d9ZC0nJq&scm=1007.12493.92624.100200300000005&id=566816741021&pvid=5f99a14c-98ba-4b6d-a669-60bef1546e66"
    }
  ]
}